Contrato,Loja Loc.,Código Tarifa,Seg. Mercado,Regional,Filial,Loja Dev.,E/M,Data Ret.,Hora Ret.,Data Dev.,Hora Dev.,Placa,Grupo,Modelo,Tipo,Reab.,Data Reab.,Doc. Responsável Reab.,Responsável Reab.,Placa Desvinc.
28354449,BSB2,483656,AG,CO  ,BSB ,BSB2,E,10/02/2026,11:56,12/03/2026,10:58,TDX6E56,BS ,ONIX PLUS,LT MT 1.0 4P,Nao,,,,Não
28360040,BSB2,478795,AG,CO  ,BSB ,BSB2,E,11/02/2026,20:51,13/03/2026,20:00,TDJ7F95,SU ,DUSTER,ICONIC AT SCE 1.6 4P,Nao,,,,Não
28462268,BSB2,490980,AG,CO  ,BSB ,BSB7,E,10/03/2026,12:40,14/03/2026,09:26,TCM0A92,CA ,CRONOS,DRIVE AT 1.3 4P,Nao,,,,Sim,
28431097,BSB2,346652,REPLACEMENT PJ,CO  ,BSB ,BSB2,E,02/03/2026,17:27,14/03/2026,16:45,TXM0F20,B  ,ARGO,DRIVE 1.0 4P,Nao,,,,Não,
28475389,BSB2,393694,OUTROS PF,CO  ,BSB ,BSB2,E,13/03/2026,16:08,14/03/2026,19:07,QST1H69,B  ,POLO,TRACK MPI 1.0 4P,Nao,,,,Não,
28479398,BSB2,393694,OUTROS PF,CO  ,BSB ,BSB2,E,14/03/2026,14:15,15/03/2026,14:33,TXW4H06,CA ,HYUNDAI HB20 1.0 T-G,P,Nao,,,,Não,
28452828,BSB2,345682,OUTROS PF,CO  ,BSB ,BSB2,E,07/03/2026,19:08,15/03/2026,19:03,TIP6J14,B  ,POLO,TRACK MPI 1.0 4P,Nao,,,,Não,
28472021,BSB2,345682,OUTROS PF,CO  ,BSB ,BSB2,E,12/03/2026,22:02,15/03/2026,22:00,TXK3D65,EA ,ONIX,LTZ AT TURBO 1.0 4P,Nao,,,,Não,
28404222,BSB2,417338,REPLACEMENT,CO  ,BSB ,BSB2,E,24/02/2026,06:18,16/03/2026,06:00,UBA3H09,B  ,CHEVROLET ONIX 1.0 5,P,Nao,,,,Não,
28369949,BSB2,375061,MENSAL MAIS,CO  ,BSB ,BSB2,E,14/02/2026,06:36,16/03/2026,06:33,TXB9I78,SV ,CRETA,LIMITED TGDI AT 1.0,Nao,,,,Não,
28464689,BSB2,417967,OTA,CO  ,BSB ,BSB2,E,11/03/2026,07:31,16/03/2026,07:00,TXA6H54,CA ,ONIX PLUS,TURBO LT AT 1.0 4P,Nao,,,,Não,
28460477,BSB2,393694,OUTROS PF,CO  ,BSB ,BSB2,E,10/03/2026,06:55,16/03/2026,07:15,TXV2F32,SV ,HYUNDAI CRETA 1.0 T-,P,Nao,,,,Não,
28379374,BSB2,417693,REPLACEMENT PJ,CO  ,BSB ,BSB2,E,17/02/2026,11:16,16/03/2026,09:30,TEU0E87,SV ,TRACKER,LTZ AT TURBO 1.0 4P,Nao,,,,Não,
28469320,BSB2,481839,OUTROS PF,CO  ,BSB ,BSB2,E,12/03/2026,10:21,16/03/2026,10:00,TEL5F12,SU ,NIVUS,HIGHLINE 200 TSI AT,Nao,,,,Não,
28475458,BSB2,345682,OUTROS PF,CO  ,BSB ,BSB2,E,13/03/2026,16:19,16/03/2026,13:30,GTN6C41,B  ,ONIX,MT 1.0 4P,Nao,,,,Não,
28457799,BSB2,492269,OUTROS PF,CO  ,BSB ,BSB2,E,09/03/2026,12:28,16/03/2026,13:45,TYO3J21,BS ,ONIX PLUS,LT MT 1.0 4P,Nao,,,,Não,
28479372,BSB2,393694,OUTROS PF,CO  ,BSB ,BSB2,E,14/03/2026,13:49,16/03/2026,14:00,TXB9I73,SV ,CRETA,LIMITED TGDI AT 1.0,Nao,,,,Não,
28474642,BSB2,419539,AG,CO  ,BSB ,BSB2,E,13/03/2026,13:47,16/03/2026,14:00,TEE6E50,CA ,ONIX PLUS,TURBO PREMIER AT 1.0,Nao,,,,Não,
28458205,BSB2,476363,REPLACEMENT,CO  ,BSB ,BSB2,E,09/03/2026,13:42,16/03/2026,14:45,TLZ6G24,EA ,POLO,HIGHLINE TSI AT 1.0,Nao,,,,Não,
28470736,BSB2,481839,OUTROS PF,CO  ,BSB ,BSB2,E,12/03/2026,15:36,16/03/2026,15:35,TES4A50,SU ,NIVUS,HIGHLINE 200 TSI AT,Nao,,,,Não,
28463236,BSB2,345676,PARCERIA,CO  ,BSB ,BSB2,E,10/03/2026,16:05,16/03/2026,16:04,TXD3H62,EA ,ONIX,LTZ AT TURBO 1.0 4P,Nao,,,,Não,
28471179,BSB2,417967,OTA,CO  ,BSB ,BSB2,E,12/03/2026,17:16,16/03/2026,16:30,EUP5G42,B  ,POLO,TRACK MPI 1.0 4P,Nao,,,,Não,
28444765,BSB2,481839,OUTROS PF,CO  ,BSB ,BSB2,E,06/03/2026,08:49,16/03/2026,16:30,TXA8E82,SU ,PULSE,DRIVE AT 1.3 4P,Nao,,,,Não,
28459211,BSB2,493613,AG,CO  ,BSB ,BSB2,E,09/03/2026,16:54,16/03/2026,17:00,TDY8E61,B  ,ARGO,DRIVE 1.0 4P,Nao,,,,Não,
28480543,BSB2,345682,OUTROS PF,CO  ,BSB ,BSB2,E,15/03/2026,06:50,16/03/2026,17:00,SUJ6A25,B  ,POLO,TRACK MPI 1.0 4P,Nao,,,,Não,
28478707,BSB2,493604,AG,CO  ,BSB ,BSB2,E,14/03/2026,11:37,16/03/2026,18:00,SVQ4E72,B  ,POLO,TRACK MPI 1.0 4P,Nao,,,,Não,
28465997,BSB2,492269,OUTROS PF,CO  ,BSB ,BSB2,E,11/03/2026,11:34,16/03/2026,18:00,TJQ4F69,B  ,POLO,TRACK MPI 1.0 4P,Nao,,,,Não,
28436670,BSB2,481839,OUTROS PF,CO  ,BSB ,BSB2,E,04/03/2026,08:42,16/03/2026,18:00,TDJ7J52,SU ,DUSTER,ICONIC AT SCE 1.6 4P,Nao,,,,Não,
28471489,BSB2,345682,OUTROS PF,CO  ,BSB ,BSB2,E,12/03/2026,18:16,16/03/2026,18:08,TXB8J11,AM ,MOBI,LIKE 1.0 4P,Nao,,,,Não,
28426673,BSB2,345682,OUTROS PF,CO  ,BSB ,BSB2,E,01/03/2026,18:44,16/03/2026,18:26,TJM2F69,B  ,POLO,TRACK MPI 1.0 4P,Nao,,,,Não,
28420167,BSB2,345682,OUTROS PF,CO  ,BSB ,BSB2,E,27/02/2026,18:36,16/03/2026,18:30,TXB9I68,SV ,CRETA,LIMITED TGDI AT 1.0,Nao,,,,Não,
28476355,BSB2,345682,OUTROS PF,CO  ,BSB ,BSB2,E,13/03/2026,19:11,16/03/2026,18:30,TXJ4B95,CA ,VIRTUS,TSI AT 1.0 4P,Nao,,,,Não,
28475238,BSB2,417967,OTA,CO  ,BSB ,BSB2,E,13/03/2026,15:39,16/03/2026,18:34,TEM2I92,CA ,HB20S,PLATINUM TGDI AT 1.0,Nao,,,,Não,
28474545,BSB2,422542,AG,CO  ,BSB ,BSB2,E,13/03/2026,13:29,16/03/2026,19:00,TXD3D84,SU ,TERA,TSI AT,Nao,,,,Não,
28476511,BSB2,490094,OTA,CO  ,BSB ,BSB2,E,13/03/2026,19:52,16/03/2026,19:00,TXK3D22,EA ,ONIX,LTZ AT TURBO 1.0 4P,Nao,,,,Não,
28481931,BSB2,494781,PJ,CO  ,BSB ,BSB2,E,15/03/2026,18:52,16/03/2026,19:00,TEU0E58,SV ,TRACKER,PREMIER AT TURBO 1.2,Nao,,,,Não,
28481932,BSB2,494781,PJ,CO  ,BSB ,BSB2,E,15/03/2026,18:54,16/03/2026,19:00,TZA5A32,SG ,COMPASS,LONGITUDE TURBO FLEX,Nao,,,,Não,
28471133,BSB2,393694,OUTROS PF,CO  ,BSB ,BSB2,E,12/03/2026,17:08,16/03/2026,19:00,SVC1G44,B  ,POLO,TRACK MPI 1.0 4P,Nao,,,,Não,
28459741,BSB2,483866,PARCERIA,CO  ,BSB ,BSB2,E,09/03/2026,18:35,16/03/2026,19:00,TES4A56,SU ,NIVUS,HIGHLINE 200 TSI AT,Nao,,,,Não,
28457469,BSB2,492269,OUTROS PF,CO  ,BSB ,BSB2,E,09/03/2026,11:39,16/03/2026,19:30,TYN3F64,B  ,CHEVROLET ONIX 1.0 5,P,Nao,,,,Não,
28476802,BSB2,491421,AG,CO  ,BSB ,BSB2,E,13/03/2026,21:51,16/03/2026,19:30,TZA5A75,SG ,COMPASS,LONGITUDE TURBO FLEX,Nao,,,,Não,
28476583,BSB2,345682,OUTROS PF,CO  ,BSB ,BSB2,E,13/03/2026,20:14,16/03/2026,20:00,TXD3D88,SU ,TERA,TSI AT,Nao,,,,Não,
28468660,BSB2,417967,OTA,CO  ,BSB ,BSB2,E,12/03/2026,08:13,16/03/2026,20:00,TXW4G90,CA ,HYUNDAI HB20 1.0 T-G,P,Nao,,,,Não,
28464727,BSB2,453509,PJ,CO  ,BSB ,BSB2,E,11/03/2026,07:48,16/03/2026,20:30,TEM2H49,AM ,MOBI,LIKE 1.0 4P,Nao,,,,Não,
28471944,BSB2,393694,OUTROS PF,CO  ,BSB ,BSB2,E,12/03/2026,20:53,16/03/2026,21:00,TDK4J99,SU ,KARDIAN,TECHNO 1.0 4P,Nao,,,,Não,
28477012,BSB2,345676,PARCERIA,CO  ,BSB ,BSB2,E,14/03/2026,01:49,16/03/2026,21:00,TXM5J38,SU ,FIAT PULSE 1.3 DRIVE,P,Nao,,,,Não,
28480374,BSB2,345682,OUTROS PF,CO  ,BSB ,BSB2,E,14/03/2026,21:45,16/03/2026,21:40,TXK3D77,EA ,ONIX,LTZ AT TURBO 1.0 4P,Nao,,,,Não,
28472248,BSB2,393694,OUTROS PF,CO  ,BSB ,BSB2,E,13/03/2026,05:05,16/03/2026,22:00,FOF4J93,EA ,POLO,COMFORTLINE TSI AT 1,Nao,,,,Não,
28472056,BSB2,345682,OUTROS PF,CO  ,BSB ,BSB2,E,12/03/2026,22:29,16/03/2026,22:14,TYO3I82,B  ,CHEVROLET ONIX 1.0 5,P,Nao,,,,Não,
28421012,BSB2,481839,OUTROS PF,CO  ,BSB ,BSB2,E,28/02/2026,02:11,17/03/2026,01:00,GBJ6C21,SU ,NIVUS,HIGHLINE 200 TSI AT,Nao,,,,Não,
28478873,BSB2,417967,OTA,CO  ,BSB ,BSB2,E,14/03/2026,11:57,17/03/2026,03:00,FRC9A93,B  ,POLO,MPI 1.0 4P,Nao,,,,Não,
28469749,BSB2,345741,PARCERIA,CO  ,BSB ,BSB2,E,12/03/2026,11:41,17/03/2026,03:30,TXM5J47,SU ,FIAT PULSE 1.3 DRIVE,P,Nao,,,,Não,
28473479,BSB2,492269,OUTROS PF,CO  ,BSB ,BSB2,E,13/03/2026,10:23,17/03/2026,05:45,STA9E67,SU ,NIVUS,HIGHLINE 200 TSI AT,Nao,,,,Não,
28470130,BSB2,488724,OTA,CO  ,BSB ,BSB2,E,12/03/2026,12:58,17/03/2026,06:00,TKO6C23,B  ,POLO,TRACK MPI 1.0 4P,Nao,,,,Não,
28460820,BSB2,368065,PARCERIA,CO  ,BSB ,BSB2,E,10/03/2026,08:33,17/03/2026,06:00,TDX7H59,EA ,ONIX,LTZ AT TURBO 1.0 4P,Nao,,,,Não,
28471643,BSB2,345678,OUTROS PF,CO  ,BSB ,BSB2,E,12/03/2026,19:13,17/03/2026,06:30,TCA4E48,B  ,HB20,SENSE PLUS 1.0 4P,Nao,,,,Não,
28460474,BSB2,345682,OUTROS PF,CO  ,BSB ,BSB2,E,10/03/2026,06:54,17/03/2026,06:48,UAA4I62,SU ,PULSE,DRIVE AT 1.3 4P,Nao,,,,Não,
28476829,BSB2,488669,OTA,CO  ,BSB ,BSB2,E,13/03/2026,22:15,17/03/2026,07:30,TES4B65,SV ,T-CROSS,COMFORTLINE 200 TSI,Nao,,,,Não,
28482748,BSB2,345682,OUTROS PF,CO  ,BSB ,BSB2,E,16/03/2026,08:16,17/03/2026,08:05,TDK5C78,SU ,DUSTER,INTENSE AT SCE 1.6 4,Nao,,,,Não,
28476841,BSB2,393694,OUTROS PF,CO  ,BSB ,BSB2,E,13/03/2026,22:22,17/03/2026,09:30,TYP4J36,SV ,VOLKSWAGEN T-CROSS 1,P,Nao,,,,Não,
28483653,BSB2,345682,OUTROS PF,CO  ,BSB ,BSB2,E,16/03/2026,09:57,17/03/2026,10:00,TEN9B93,AM ,MOBI,LIKE 1.0 4P,Nao,,,,Não,
28461945,BSB2,444661,AG,CO  ,BSB ,BSB2,E,10/03/2026,11:44,17/03/2026,10:00,TCA4H75,B  ,HB20,SENSE PLUS 1.0 4P,Nao,,,,Não,
28428816,BSB2,417695,REPLACEMENT PJ,CO  ,BSB ,BSB2,E,02/03/2026,10:35,17/03/2026,10:00,TXT8D01,CA ,HYUNDAI HB20 1.0 T-G,P,Nao,,,,Não,
28429216,BSB2,481839,OUTROS PF,CO  ,BSB ,BSB2,E,02/03/2026,11:49,17/03/2026,10:00,TCT0F03,B  ,ARGO,DRIVE 1.0 4P,Nao,,,,Não,
28461809,BSB2,488669,OTA,CO  ,BSB ,BSB2,E,10/03/2026,11:27,17/03/2026,11:00,TEN5H84,B  ,ARGO,FLEX 1.0 4P,Nao,,,,Não,
28469784,BSB2,345741,PARCERIA,CO  ,BSB ,BSB2,E,12/03/2026,11:53,17/03/2026,12:00,TYP8I68,SV ,VOLKSWAGEN T-CROSS 1,P,Nao,,,,Não,
28466917,BSB2,481839,OUTROS PF,CO  ,BSB ,BSB2,E,11/03/2026,14:52,17/03/2026,12:00,SIV5F23,B  ,ONIX,LS 1.0 4P,Nao,,,,Não,
28484755,BSB2,345682,OUTROS PF,CO  ,BSB ,BSB2,E,16/03/2026,12:43,17/03/2026,12:00,TEU0E38,SV ,TRACKER,PREMIER AT TURBO 1.2,Nao,,,,Não,
28481391,BSB2,490094,OTA,CO  ,BSB ,BSB2,E,15/03/2026,14:21,17/03/2026,12:00,TEN9B88,AM ,MOBI,LIKE 1.0 4P,Nao,,,,Não,
28390059,BSB2,345682,OUTROS PF,CO  ,BSB ,BSB2,E,20/02/2026,12:39,17/03/2026,12:03,TEY4I63,EA ,POLO,SENSE AT 1.0 4P,Nao,,,,Não,
28474082,BSB2,419539,AG,CO  ,BSB ,BSB2,E,13/03/2026,12:14,17/03/2026,12:12,TDQ6C60,B  ,ARGO,DRIVE 1.0 4P,Nao,,,,Não,
28469718,BSB2,493613,AG,CO  ,BSB ,BSB2,E,12/03/2026,11:34,17/03/2026,12:30,UAA3A56,B  ,ARGO,DRIVE 1.0 4P,Nao,,,,Não,
28484762,BSB2,345682,OUTROS PF,CO  ,BSB ,BSB2,E,16/03/2026,12:46,17/03/2026,12:40,TYP0J46,AM ,RENAULT KWID 1.0 INT,P,Nao,,,,Não,
28464258,BSB2,393694,OUTROS PF,CO  ,BSB ,BSB2,E,10/03/2026,20:21,17/03/2026,13:00,UAA3A48,B  ,ARGO,DRIVE 1.0 4P,Nao,,,,Não,
28484940,BSB2,345682,OUTROS PF,CO  ,BSB ,BSB2,E,16/03/2026,13:18,17/03/2026,13:04,TZA8B20,SU ,PULSE,DRIVE AT 1.3 4P,Nao,,,,Não,
28474505,BSB2,493479,PARCERIA,CO  ,BSB ,BSB2,E,13/03/2026,13:20,17/03/2026,13:30,TCR8H62,B  ,HB20,COMFORT MT 1.0 4P,Nao,,,,Não,
28474057,BSB2,393694,OUTROS PF,CO  ,BSB ,BSB2,E,13/03/2026,12:11,17/03/2026,14:00,TXB9J29,SV ,CRETA,LIMITED TGDI AT 1.0,Nao,,,,Não,
28479574,BSB2,493019,OTA,CO  ,BSB ,BSB2,E,14/03/2026,15:25,17/03/2026,14:00,SYT6B18,B  ,ONIX,MT 1.0 4P,Nao,,,,Não,
28482860,BSB2,444037,PJ,CO  ,BSB ,BSB2,E,16/03/2026,08:19,17/03/2026,14:00,TYP0J85,AM ,RENAULT KWID 1.0 INT,P,Nao,,,,Não,
28456410,BSB2,481839,OUTROS PF,CO  ,BSB ,BSB2,E,09/03/2026,09:21,17/03/2026,14:00,TXN3J30,SU ,VOLKSWAGEN TERA 1.0,P,Nao,,,,Não,
28481388,BSB2,345682,OUTROS PF,CO  ,BSB ,BSB2,E,15/03/2026,14:19,17/03/2026,14:19,TXD3E41,SU ,TERA,TSI AT,Nao,,,,Não,
28470488,BSB2,488724,OTA,CO  ,BSB ,BSB2,E,12/03/2026,14:21,17/03/2026,14:21,TXO8F58,SV ,HYUNDAI CRETA 1.0 T-,P,Nao,,,,Não,
28475083,BSB2,345682,OUTROS PF,CO  ,BSB ,BSB2,E,13/03/2026,15:13,17/03/2026,15:00,TYP0J55,AM ,RENAULT KWID 1.0 INT,P,Nao,,,,Não,
28485222,BSB2,493608,AG,CO  ,BSB ,BSB2,E,16/03/2026,14:17,17/03/2026,15:00,TYP1A12,AM ,RENAULT KWID 1.0 INT,P,Nao,,,,Não,
28467251,BSB2,345682,OUTROS PF,CO  ,BSB ,BSB2,E,11/03/2026,16:35,17/03/2026,15:30,TZA8B07,SU ,PULSE,DRIVE AT 1.3 4P,Nao,,,,Não,
28436138,BSB2,487294,OTA,CO  ,BSB ,BSB2,E,03/03/2026,23:39,17/03/2026,16:00,TXM9E43,SU ,FIAT PULSE 1.3 DRIVE,P,Nao,,,,Não,
28452443,BSB2,345682,OUTROS PF,CO  ,BSB ,BSB2,E,07/03/2026,16:18,17/03/2026,16:15,FOJ9C91,B  ,POLO,TRACK MPI 1.0 4P,Nao,,,,Não,
28430904,BSB2,417338,REPLACEMENT,CO  ,BSB ,BSB2,E,02/03/2026,16:52,17/03/2026,17:00,TZA5A66,SU ,PULSE,DRIVE AT 1.3 4P,Nao,,,,Não,
28416507,BSB2,481840,OUTROS PF,CO  ,BSB ,BSB2,E,27/02/2026,08:48,17/03/2026,17:00,TEN8A28,EA ,ONIX,LTZ AT TURBO 1.0 4P,Nao,,,,Não,
28478695,BSB2,488669,OTA,CO  ,BSB ,BSB2,E,14/03/2026,11:31,17/03/2026,17:00,TEN9B39,AM ,MOBI,LIKE 1.0 4P,Nao,,,,Não,
28480121,BSB2,488669,OTA,CO  ,BSB ,BSB2,E,14/03/2026,19:09,17/03/2026,17:00,TDR3A21,AM ,MOBI,LIKE 1.0 4P,Nao,,,,Não,
28467693,BSB2,492772,AG,CO  ,BSB ,BSB2,E,11/03/2026,17:43,17/03/2026,17:30,TZA5A33,SG ,COMPASS,LONGITUDE TURBO FLEX,Nao,,,,Não,
28468853,BSB2,417967,OTA,CO  ,BSB ,BSB2,E,12/03/2026,08:51,17/03/2026,17:30,TXW4H03,CA ,HYUNDAI HB20 1.0 T-G,P,Nao,,,,Não,
28464135,BSB2,492269,OUTROS PF,CO  ,BSB ,BSB2,E,10/03/2026,19:31,17/03/2026,18:00,UAZ9I08,B  ,CHEVROLET ONIX 1.0 5,P,Nao,,,,Não,
28468796,BSB2,345682,OUTROS PF,CO  ,BSB ,BSB2,E,12/03/2026,08:44,17/03/2026,18:00,SUQ0H51,EA ,POLO,HIGHLINE TSI AT 1.0,Nao,,,,Não,
28481607,BSB2,481840,OUTROS PF,CO  ,BSB ,BSB2,E,15/03/2026,16:15,17/03/2026,18:00,TXD3H40,EA ,ONIX,LTZ AT TURBO 1.0 4P,Nao,,,,Não,
28483154,BSB2,443601,AG,CO  ,BSB ,BSB2,E,16/03/2026,08:51,17/03/2026,18:00,TXD3D73,SU ,TERA,TSI AT,Nao,,,,Não,
28484854,BSB2,493608,AG,CO  ,BSB ,BSB2,E,16/03/2026,12:54,17/03/2026,19:00,PVR5J51,B  ,ONIX,MT 1.0 4P,Nao,,,,Não,
28478185,BSB2,368065,PARCERIA,CO  ,BSB ,BSB2,E,14/03/2026,10:16,17/03/2026,19:00,TEJ8F13,CA ,HB20S,PLATINUM TGDI AT 1.0,Nao,,,,Não,
28464261,BSB2,492269,OUTROS PF,CO  ,BSB ,BSB2,E,10/03/2026,20:27,17/03/2026,19:00,STW1J74,B  ,POLO,TRACK MPI 1.0 4P,Nao,,,,Não,
28471651,BSB2,345682,OUTROS PF,CO  ,BSB ,BSB2,E,12/03/2026,19:14,17/03/2026,19:01,TIW5H90,B  ,POLO,TRACK MPI 1.0 4P,Nao,,,,Não,
28471893,BSB2,345699,PARCERIA,CO  ,BSB ,BSB2,E,12/03/2026,20:39,17/03/2026,20:00,TYN5I28,BS ,ONIX PLUS,LT MT 1.0 4P,Nao,,,,Não,
28481864,BSB2,393694,OUTROS PF,CO  ,BSB ,BSB2,E,15/03/2026,18:41,17/03/2026,20:00,TEU0F00,SV ,TRACKER,LTZ AT TURBO 1.0 4P,Nao,,,,Não,
28460779,BSB2,393694,OUTROS PF,CO  ,BSB ,BSB2,E,10/03/2026,08:26,17/03/2026,20:00,TXT8C99,CA ,HYUNDAI HB20 1.0 T-G,P,Nao,,,,Não,
28464338,BSB2,345682,OUTROS PF,CO  ,BSB ,BSB2,E,10/03/2026,20:57,17/03/2026,20:30,UAB2I30,CA ,VIRTUS,TSI AT 1.0 4P,Nao,,,,Não,
28436030,BSB2,393694,OUTROS PF,CO  ,BSB ,BSB2,E,03/03/2026,21:31,17/03/2026,21:00,UAB8C36,SV ,HYUNDAI CRETA 1.0 T-,P,Nao,,,,Não,
28482683,BSB2,449511,PJ,CO  ,BSB ,GYN3,E,16/03/2026,08:03,17/03/2026,21:00,TXF9B72,J  ,FORD,RANGER XL  2.0 4P,Nao,,,,Não,
28477459,BSB2,345682,OUTROS PF,CO  ,BSB ,BSB2,E,14/03/2026,08:23,17/03/2026,22:00,TEN8A80,EA ,ONIX,LTZ AT TURBO 1.0 4P,Nao,,,,Não,
28464423,BSB2,345682,OUTROS PF,CO  ,BSB ,BSB2,E,10/03/2026,22:22,17/03/2026,22:18,TEL7I21,EA ,POLO,SENSE AT 1.0 4P,Nao,,,,Não,
28461561,BSB2,345682,OUTROS PF,CO  ,BSB ,BSB2,E,10/03/2026,10:53,18/03/2026,05:30,FWP0E51,EA ,POLO,HIGHLINE TSI AT 1.0,Nao,,,,Não,
28472321,BSB2,393694,OUTROS PF,CO  ,BSB ,BSB2,E,13/03/2026,06:47,18/03/2026,06:00,SWY3C29,EA ,POLO,HIGHLINE TSI AT 1.0,Nao,,,,Não,
28483794,BSB2,481839,OUTROS PF,CO  ,BSB ,BSB2,E,16/03/2026,10:14,18/03/2026,07:00,TDX0E31,SU ,PULSE,DRIVE AT 1.3 4P,Nao,,,,Não,
28483027,BSB2,417967,OTA,CO  ,BSB ,BSB2,E,16/03/2026,08:36,18/03/2026,08:00,TXE1G90,B  ,ARGO,DRIVE 1.0 4P,Nao,,,,Não,
28480616,BSB2,393694,OUTROS PF,CO  ,BSB ,GYN3,E,15/03/2026,08:12,18/03/2026,08:00,TXB9I82,SV ,CRETA,LIMITED TGDI AT 1.0,Nao,,,,Não,
28376548,BSB2,375061,MENSAL MAIS,CO  ,BSB ,BSB2,E,16/02/2026,08:32,18/03/2026,08:25,STU3J71,B  ,POLO,TRACK MPI 1.0 4P,Nao,,,,Não,
28473227,BSB2,393694,OUTROS PF,CO  ,BSB ,BSB2,E,13/03/2026,09:45,18/03/2026,09:00,TYP0J98,AM ,RENAULT KWID 1.0 INT,P,Nao,,,,Não,
28432921,BSB2,419540,AG,CO  ,BSB ,BSB2,E,03/03/2026,09:43,18/03/2026,09:00,TXK4I43,BS ,ONIX PLUS,LT MT 1.0 4P,Nao,,,,Não,
28484192,BSB2,393694,OUTROS PF,CO  ,BSB ,BSB2,E,16/03/2026,11:13,18/03/2026,10:00,SIS0E09,SG ,JEEP COMPASS,LONGITUDE,Nao,,,,Não,
28473953,BSB2,374288,OTA,CO  ,BSB ,BSB2,E,13/03/2026,12:44,18/03/2026,10:00,UBA3G96,B  ,CHEVROLET ONIX 1.0 5,P,Nao,,,,Não,
28477841,BSB2,417967,OTA,CO  ,BSB ,BSB2,E,14/03/2026,09:19,18/03/2026,10:00,TDC0B80,B  ,HB20,COMFORT MT 1.0 4P,Nao,,,,Não,
28483523,BSB2,493608,AG,CO  ,BSB ,BSB2,E,16/03/2026,09:40,18/03/2026,10:30,TXB4E85,BS ,ONIX PLUS,MT 1.0  4P,Nao,,,,Não,
28466031,BSB2,345682,OUTROS PF,CO  ,BSB ,BSB2,E,11/03/2026,11:43,18/03/2026,11:30,TXN3J34,SU ,VOLKSWAGEN TERA 1.0,P,Nao,,,,Não,
28461905,BSB2,457710,AG,CO  ,BSB ,BSB2,E,10/03/2026,11:39,18/03/2026,11:38,TEU2F49,AM ,MOBI,TREKKING 1.0 4P,Nao,,,,Não,
28484493,BSB2,448292,AG,CO  ,BSB ,BSB2,E,16/03/2026,11:53,18/03/2026,12:00,TYP4J99,CA ,HYUNDAI HB20 1.0 T-G,P,Nao,,,,Não,
28474114,BSB2,481840,OUTROS PF,CO  ,BSB ,BSB2,E,13/03/2026,12:14,18/03/2026,12:00,TYJ0H16,BS ,ONIX PLUS,LT MT 1.0 4P,Nao,,,,Não,
28474172,BSB2,393694,OUTROS PF,CO  ,BSB ,BSB2,E,13/03/2026,12:25,18/03/2026,12:23,TCA4I41,B  ,HB20,SENSE PLUS 1.0 4P,Nao,,,,Não,
28479799,BSB2,488669,OTA,CO  ,BSB ,BSB2,E,14/03/2026,16:55,18/03/2026,13:00,TXD3D54,SU ,TERA,TSI AT,Nao,,,,Não,
28434435,BSB2,417338,REPLACEMENT,CO  ,BSB ,BSB2,E,03/03/2026,14:07,18/03/2026,13:00,SUU5G95,B  ,POLO,TRACK MPI 1.0 4P,Nao,,,,Não,
28377810,BSB2,375054,MENSAL MAIS,CO  ,BSB ,BSB2,E,16/02/2026,14:07,18/03/2026,13:30,UFY4J06,B  ,POLO,TRACK MPI 1.0 4P,Nao,,,,Não,
28474253,BSB2,345676,PARCERIA,CO  ,BSB ,BSB2,E,13/03/2026,12:40,18/03/2026,14:00,TYP0J87,AM ,RENAULT KWID 1.0 INT,P,Nao,,,,Não,
28481478,BSB2,493607,AG,CO  ,BSB ,BSB2,E,15/03/2026,14:52,18/03/2026,14:00,TXL2A33,SU ,FIAT PULSE 1.3 DRIVE,P,Nao,,,,Não,
28466773,BSB2,345682,OUTROS PF,CO  ,BSB ,BSB2,E,11/03/2026,14:22,18/03/2026,14:02,UDJ9F99,SV ,VOLKSWAGEN T-CROSS 1,P,Nao,,,,Não,
28485186,BSB2,450304,PJ,CO  ,BSB ,BSB2,E,16/03/2026,14:05,18/03/2026,14:30,TEJ8E86,CA ,HB20S,PLATINUM TGDI AT 1.0,Nao,,,,Não,
28485570,BSB2,345682,OUTROS PF,CO  ,BSB ,BSB2,E,16/03/2026,15:30,18/03/2026,15:25,TXD3E02,SU ,TERA,TSI AT,Nao,,,,Não,
28482283,BSB2,492791,AG,CO  ,BSB ,BSB2,E,15/03/2026,23:35,18/03/2026,16:00,TZA5A30,SG ,COMPASS,LONGITUDE TURBO FLEX,Nao,,,,Não,
28480032,BSB2,345682,OUTROS PF,CO  ,BSB ,BSB2,E,14/03/2026,18:46,18/03/2026,16:00,UAB2I49,CA ,VIRTUS,TSI AT 1.0 4P,Nao,,,,Não,
28482325,BSB2,492791,AG,CO  ,BSB ,BSB2,E,16/03/2026,00:30,18/03/2026,16:00,TZA5A29,SG ,COMPASS,LONGITUDE TURBO FLEX,Nao,,,,Não,
28481513,BSB2,493608,AG,CO  ,BSB ,BSB2,E,15/03/2026,15:21,18/03/2026,16:00,TEM2I54,BS ,CRONOS,DRIVE 1.0 4P,Nao,,,,Não,
28459357,BSB2,417967,OTA,CO  ,BSB ,BSB2,E,09/03/2026,17:25,18/03/2026,16:00,TEM7B72,B  ,ARGO,DRIVE 1.0 4P,Nao,,,,Não,
28467558,BSB2,393694,OUTROS PF,CO  ,BSB ,BSB2,E,11/03/2026,17:20,18/03/2026,17:00,TEN5I08,B  ,ARGO,FLEX 1.0 4P,Nao,,,,Não,
28469880,BSB2,481839,OUTROS PF,CO  ,BSB ,BSB2,E,12/03/2026,12:04,18/03/2026,17:00,QSZ2D49,EA ,POLO,HIGHLINE TSI AT 1.0,Nao,,,,Não,
28483409,BSB2,417967,OTA,CO  ,BSB ,BSB2,E,16/03/2026,09:24,18/03/2026,17:00,TEN3E58,SU ,PULSE,DRIVE AT 1.3 4P,Nao,,,,Não,
28448112,BSB2,345682,OUTROS PF,CO  ,BSB ,BSB2,E,06/03/2026,17:33,18/03/2026,17:27,TCZ6H68,T  ,TORO,FREEDOM TURBO FLEX A,Nao,,,,Não,
28463660,BSB2,345682,OUTROS PF,CO  ,BSB ,BSB2,E,10/03/2026,17:27,18/03/2026,17:45,TEN8B05,EA ,ONIX,LTZ AT TURBO 1.0 4P,Nao,,,,Não,
28460625,BSB2,448172,AG,CO  ,BSB ,BSB2,E,10/03/2026,07:58,18/03/2026,18:00,TYA5C21,CA ,ONIX PLUS,TURBO LT AT 1.0 4P,Nao,,,,Não,
28469757,BSB2,458730,PARCERIA,CO  ,BSB ,BSB2,E,12/03/2026,11:44,18/03/2026,18:00,TEQ5C69,EA ,POLO,SENSE AT 1.0 4P,Nao,,,,Não,
28482896,BSB2,446085,AG,CO  ,BSB ,BSB2,E,16/03/2026,08:22,18/03/2026,18:00,SYS9D41,B  ,ONIX,MT 1.0 4P,Nao,,,,Não,
28477124,BSB2,393694,OUTROS PF,CO  ,BSB ,BSB2,E,14/03/2026,06:50,18/03/2026,19:30,TYP0J67,AM ,RENAULT KWID 1.0 INT,P,Nao,,,,Não,
28482341,BSB2,345682,OUTROS PF,CO  ,BSB ,BSB2,E,16/03/2026,01:04,19/03/2026,00:54,TXV3A07,SV ,HYUNDAI CRETA 1.0 T-,P,Nao,,,,Não,
28468127,BSB2,417967,OTA,CO  ,BSB ,BSB2,E,11/03/2026,20:11,19/03/2026,05:30,TXB9I67,SV ,CRETA,LIMITED TGDI AT 1.0,Nao,,,,Não,
28473284,BSB2,437858,AG,CO  ,BSB ,BSB2,E,13/03/2026,09:53,19/03/2026,06:00,TYK5E41,SU ,FIAT PULSE 1.3 DRIVE,P,Nao,,,,Não,
28464999,BSB2,345955,OTA,CO  ,BSB ,BSB2,E,11/03/2026,08:38,19/03/2026,08:31,TDQ8B30,SU ,PULSE,DRIVE AT 1.3 4P,Nao,,,,Não,
28454563,BSB2,417967,OTA,CO  ,BSB ,BSB2,E,08/03/2026,17:06,19/03/2026,09:00,TEU2F39,AM ,MOBI,TREKKING 1.0 4P,Nao,,,,Não,
28456109,BSB2,447243,PJ,CO  ,BSB ,BSB2,E,09/03/2026,08:51,19/03/2026,09:45,TYA3I65,G2 ,STRADA,CD FREEDOM FLEX 1.3,Nao,,,,Não,
28429103,BSB2,345955,OTA,CO  ,BSB ,BSB2,E,02/03/2026,11:22,19/03/2026,10:00,TXD3D66,SU ,TERA,TSI AT,Nao,,,,Não,
28483907,BSB2,393694,OUTROS PF,CO  ,BSB ,BSB2,E,16/03/2026,10:29,19/03/2026,10:00,TEL5C19,SV ,TRACKER,LTZ AT TURBO 1.0 4P,Nao,,,,Não,
28474702,BSB2,419539,AG,CO  ,BSB ,BSB2,E,13/03/2026,13:50,19/03/2026,10:00,TES8D54,B  ,C3,LIVE PACK 1.0 4P,Nao,,,,Não,
28428523,BSB2,393694,OUTROS PF,CO  ,BSB ,BSB2,E,02/03/2026,10:03,19/03/2026,10:30,UDC2B68,SU ,VOLKSWAGEN NIVUS 1.0,P,Nao,,,,Não,
28436489,BSB2,417967,OTA,CO  ,BSB ,BSB2,E,04/03/2026,08:10,19/03/2026,10:57,RVK1E09,BS ,ONIX PLUS,LT MT 1.0 4P,Nao,,,,Não,
28483446,BSB2,393694,OUTROS PF,CO  ,BSB ,BSB2,E,16/03/2026,09:33,19/03/2026,11:00,TXK3D06,EA ,ONIX,LTZ AT TURBO 1.0 4P,Nao,,,,Não,
28484512,BSB2,493607,AG,CO  ,BSB ,BSB2,E,16/03/2026,11:57,19/03/2026,13:00,TEL4J64,SV ,TRACKER,LTZ AT TURBO 1.0 4P,Nao,,,,Não,
28441992,BSB2,448292,AG,CO  ,BSB ,BSB2,E,05/03/2026,13:04,19/03/2026,13:00,TXW4G94,CA ,HYUNDAI HB20 1.0 T-G,P,Nao,,,,Não,
28449194,BSB2,481839,OUTROS PF,CO  ,BSB ,BSB2,E,06/03/2026,21:45,19/03/2026,16:00,TEH5C67,SU ,PULSE,DRIVE AT 1.3 4P,Nao,,,,Não,
28472840,BSB2,490980,AG,CO  ,BSB ,BSB2,E,13/03/2026,08:52,19/03/2026,16:30,TIT4E36,B  ,POLO,TRACK MPI 1.0 4P,Nao,,,,Não,
28479917,BSB2,490094,OTA,CO  ,BSB ,BSB2,E,14/03/2026,17:45,19/03/2026,17:30,TXB9I79,SV ,CRETA,LIMITED TGDI AT 1.0,Nao,,,,Não,
28461865,BSB2,417967,OTA,CO  ,BSB ,BSB2,E,10/03/2026,11:57,19/03/2026,18:00,TDY8E21,B  ,ARGO,DRIVE 1.0 4P,Nao,,,,Não,
28411603,BSB2,345682,OUTROS PF,CO  ,BSB ,BSB2,E,25/02/2026,18:59,19/03/2026,18:44,UBA0G88,B  ,CHEVROLET ONIX 1.0 5,P,Nao,,,,Não,
28439202,BSB2,483866,PARCERIA,CO  ,BSB ,BSB2,E,04/03/2026,17:38,19/03/2026,19:00,UAB2I83,SV ,CRETA,COMFORT TGDI AT 1.0,Nao,,,,Não,
28485035,BSB2,345955,OTA,CO  ,BSB ,BSB2,E,16/03/2026,13:42,19/03/2026,19:00,TES4A85,SU ,NIVUS,HIGHLINE 200 TSI AT,Nao,,,,Não,
28482821,BSB2,393694,OUTROS PF,CO  ,BSB ,BSB2,E,16/03/2026,08:22,19/03/2026,19:00,TWZ6H44,AT ,SENTRA,ADVANCE 2.0 4P,Nao,,,,Não,
28482068,BSB2,481839,OUTROS PF,CO  ,BSB ,BSB2,E,15/03/2026,20:03,19/03/2026,19:30,TJS9H11,SU ,NIVUS,HIGHLINE 200 TSI AT,Nao,,,,Não,
28481851,BSB2,493611,AG,CO  ,BSB ,BSB2,E,15/03/2026,18:27,19/03/2026,21:00,TXB9I74,SV ,CRETA,LIMITED TGDI AT 1.0,Nao,,,,Não,
28482182,BSB2,345682,OUTROS PF,CO  ,BSB ,BSB2,E,15/03/2026,21:24,19/03/2026,21:14,TWZ4C65,AT ,SENTRA,ADVANCE 2.0 4P,Nao,,,,Não,
28468379,BSB2,345682,OUTROS PF,CO  ,BSB ,BSB2,E,12/03/2026,00:26,19/03/2026,23:00,TXB9I84,SV ,CRETA,LIMITED TGDI AT 1.0,Nao,,,,Não,
28473086,BSB2,417338,REPLACEMENT,CO  ,BSB ,BSB2,E,13/03/2026,09:24,20/03/2026,07:00,UDB1I18,SV ,VOLKSWAGEN T-CROSS 1,P,Nao,,,,Não,
28484553,BSB2,393694,OUTROS PF,CO  ,BSB ,BSB2,E,16/03/2026,12:07,20/03/2026,07:30,TYO9H25,CA ,HYUNDAI HB20 1.0 T-G,P,Nao,,,,Não,
28476999,BSB2,481839,OUTROS PF,CO  ,BSB ,BSB2,E,14/03/2026,01:26,20/03/2026,08:00,TEU0E33,SV ,TRACKER,PREMIER AT TURBO 1.2,Nao,,,,Não,
28468811,BSB2,345682,OUTROS PF,CO  ,BSB ,BSB2,E,12/03/2026,08:43,20/03/2026,08:41,TXW4G95,CA ,HYUNDAI HB20 1.0 T-G,P,Nao,,,,Não,
28453390,BSB2,481839,OUTROS PF,CO  ,BSB ,BSB2,E,08/03/2026,08:42,20/03/2026,08:41,TXB9J35,SV ,CRETA,LIMITED TGDI AT 1.0,Nao,,,,Não,
28460018,BSB2,444703,AG,CO  ,BSB ,BSB2,E,09/03/2026,19:57,20/03/2026,09:00,TXM0F22,B  ,ARGO,DRIVE 1.0 4P,Nao,,,,Não,
28453353,BSB2,481839,OUTROS PF,CO  ,BSB ,BSB2,E,08/03/2026,08:21,20/03/2026,09:00,UAB2J18,SV ,CRETA,COMFORT TGDI AT 1.0,Nao,,,,Não,
28481485,BSB2,443608,AG,CO  ,BSB ,BSB2,E,15/03/2026,15:01,20/03/2026,09:00,TYP4J95,CA ,HYUNDAI HB20 1.0 T-G,P,Nao,,,,Não,
28456714,BSB2,481839,OUTROS PF,CO  ,BSB ,BSB2,E,09/03/2026,10:05,20/03/2026,09:10,TXK3E99,EA ,ONIX,LTZ AT TURBO 1.0 4P,Nao,,,,Não,
28480873,BSB2,345682,OUTROS PF,CO  ,BSB ,BSB2,E,15/03/2026,10:23,20/03/2026,09:45,TCR8H43,B  ,HB20,COMFORT MT 1.0 4P,Nao,,,,Não,
28381585,BSB2,375034,MENSAL MAIS,CO  ,BSB ,BSB2,E,18/02/2026,10:37,20/03/2026,10:00,UED0B61,SV ,VOLKSWAGEN T-CROSS 1,P,Nao,,,,Não,
28484250,BSB2,493604,AG,CO  ,BSB ,BSB2,E,16/03/2026,11:21,20/03/2026,11:15,TEL2B02,SV ,TRACKER,LTZ AT TURBO 1.0 4P,Nao,,,,Não,
28484539,BSB2,345682,OUTROS PF,CO  ,BSB ,BSB2,E,16/03/2026,12:13,20/03/2026,11:57,UAB2I50,CA ,VIRTUS,TSI AT 1.0 4P,Nao,,,,Não,
28484555,BSB2,494284,PJ,CO  ,BSB ,BSB2,E,16/03/2026,12:10,20/03/2026,12:01,TEN3I81,B  ,ARGO,FLEX 1.0 4P,Nao,,,,Não,
28484368,BSB2,446008,AG,CO  ,BSB ,BSB2,E,16/03/2026,11:36,20/03/2026,13:00,SJG9F54,B  ,ONIX,LS 1.0 4P,Nao,,,,Não,
28483928,BSB2,449802,PJ,CO  ,BSB ,BSB2,E,16/03/2026,10:31,20/03/2026,13:00,TER0C99,EA ,POLO,SENSE AT 1.0 4P,Nao,,,,Não,
28442205,BSB2,346358,REPLACEMENT PJ,CO  ,BSB ,BSB2,E,05/03/2026,13:49,20/03/2026,13:00,TXM0E77,B  ,ARGO,DRIVE 1.0 4P,Nao,,,,Não,
28429438,BSB2,451380,PJ,CO  ,BSB ,BSB2,E,02/03/2026,12:06,20/03/2026,13:00,TXB9A14,AM ,MOBI,LIKE 1.0 4P,Nao,,,,Não,
28458624,BSB2,493019,OTA,CO  ,BSB ,BSB2,E,09/03/2026,14:55,20/03/2026,13:00,QSP4G71,EA ,POLO,HIGHLINE TSI AT 1.0,Nao,,,,Não,
28470159,BSB2,345682,OUTROS PF,CO  ,BSB ,BSB2,E,12/03/2026,13:10,20/03/2026,13:15,TYP4J69,SV ,FIAT FASTBACK 1.0 TU,P,Nao,,,,Não,
28482988,BSB2,455019,AG,CO  ,BSB ,BSB2,E,16/03/2026,08:31,20/03/2026,13:30,TXM0F08,B  ,ARGO,ARGO DRIVE 1.0,Nao,,,,Não,
28481261,BSB2,345955,OTA,CO  ,BSB ,BSB2,E,15/03/2026,13:16,20/03/2026,14:00,TET3C97,CA ,VIRTUS,MSI AT 1.6 4P,Nao,,,,Não,
28464521,BSB2,393694,OUTROS PF,CO  ,BSB ,BSB2,E,11/03/2026,01:15,20/03/2026,14:00,TXM0E82,B  ,ARGO,ARGO DRIVE 1.0,Nao,,,,Não,
28484834,BSB2,368065,PARCERIA,CO  ,BSB ,BSB2,E,16/03/2026,12:49,20/03/2026,14:30,SYT0J58,B  ,ONIX,MT 1.0 4P,Nao,,,,Não,
28481490,BSB2,490963,PARCERIA,CO  ,BSB ,BSB2,E,15/03/2026,15:09,20/03/2026,15:00,TXL6G25,AM ,FIAT MOBI 1.0 LIKE 5,P,Nao,,,,Não,
28474874,BSB2,345682,OUTROS PF,CO  ,BSB ,BSB2,E,13/03/2026,14:26,20/03/2026,15:00,FYK3I41,B  ,POLO,TRACK MPI 1.0 4P,Nao,,,,Não,
28448392,BSB2,481839,OUTROS PF,CO  ,BSB ,BSB2,E,06/03/2026,18:12,20/03/2026,15:00,TDB9J53,CA ,CRONOS,DRIVE AT 1.3 4P,Nao,,,,Não,
28391659,BSB2,481839,OUTROS PF,CO  ,BSB ,BSB2,E,20/02/2026,17:20,20/03/2026,15:30,TXW4G91,CA ,HYUNDAI HB20 1.0 T-G,P,Nao,,,,Não,
28483570,BSB2,459349,PJ,CO  ,BSB ,BSB2,E,16/03/2026,09:47,20/03/2026,15:30,TXK3D02,EA ,ONIX,LTZ AT TURBO 1.0 4P,Nao,,,,Não,
28382973,BSB2,375061,MENSAL MAIS,CO  ,BSB ,BSB2,E,18/02/2026,15:48,20/03/2026,15:42,UAZ7I35,B  ,CHEVROLET ONIX 1.0 5,P,Nao,,,,Não,
28483593,BSB2,448310,PJ,CO  ,BSB ,BSB2,E,16/03/2026,09:48,20/03/2026,16:00,UEN0C71,SV ,VOLKSWAGEN T-CROSS 1,P,Nao,,,,Não,
28475258,BSB2,490780,PARCERIA,CO  ,BSB ,BSB2,E,13/03/2026,15:43,20/03/2026,16:00,TCE6D47,B  ,ONIX,MT 1.0 4P,Nao,,,,Não,
28479743,BSB2,481839,OUTROS PF,CO  ,BSB ,BSB2,E,14/03/2026,16:34,20/03/2026,16:30,TDX0E66,SV ,RENEGADE,LONGITUDE T270 FLEX,Nao,,,,Não,
28484616,BSB2,481839,OUTROS PF,CO  ,BSB ,BSB2,E,16/03/2026,12:16,20/03/2026,17:00,TEY4I60,EA ,POLO,SENSE AT 1.0 4P,Nao,,,,Não,
28448265,BSB2,490980,AG,CO  ,BSB ,BSB2,E,06/03/2026,17:55,20/03/2026,17:00,TXW4G46,SV ,HYUNDAI CRETA 1.0 T-,P,Nao,,,,Não,
28403059,BSB2,491936,PARCERIA,CO  ,BSB ,BSB2,E,23/02/2026,17:11,20/03/2026,17:00,TXD3D65,SU ,TERA,TSI AT,Nao,,,,Não,
28383290,BSB2,375034,MENSAL MAIS,CO  ,BSB ,BSB2,E,18/02/2026,17:18,20/03/2026,17:00,FZI3G81,B  ,POLO,TRACK MPI 1.0 4P,Nao,,,,Não,
28464058,BSB2,345955,OTA,CO  ,BSB ,BSB2,E,10/03/2026,19:08,20/03/2026,18:00,SIW8A43,EA ,HB20,COMFORT PLUS TGDI AT,Nao,,,,Não,
28484432,BSB2,449220,AG,CO  ,BSB ,BSB2,E,16/03/2026,11:48,20/03/2026,18:00,TYO9H28,CA ,HYUNDAI HB20 1.0 T-G,P,Nao,,,,Não,
28483480,BSB2,491434,AG,CO  ,BSB ,GYN3,E,16/03/2026,09:32,20/03/2026,18:00,TEN8C42,CA ,ONIX PLUS,TURBO PREMIER AT 1.0,Nao,,,,Não,
28482094,BSB2,417967,OTA,CO  ,BSB ,BSB2,E,15/03/2026,20:35,20/03/2026,18:30,UAZ9H87,B  ,CHEVROLET ONIX 1.0 5,P,Nao,,,,Não,
28481640,BSB2,345699,PARCERIA,CO  ,BSB ,BSB2,E,15/03/2026,16:42,20/03/2026,19:00,TEE6C81,AM ,MOBI,TREKKING 1.0 4P,Nao,,,,Não,
28481699,BSB2,417967,OTA,CO  ,BSB ,BSB2,E,15/03/2026,17:09,20/03/2026,19:00,TEQ0G07,AM ,MOBI,LIKE 1.0 4P,Nao,,,,Não,
28480781,BSB2,393694,OUTROS PF,CO  ,BSB ,BSB2,E,15/03/2026,09:34,20/03/2026,20:00,UAB2I69,SV ,CRETA,COMFORT TGDI AT 1.0,Nao,,,,Não,
28482665,BSB2,488669,OTA,CO  ,BSB ,BSB2,E,16/03/2026,08:01,20/03/2026,20:00,TDX0E86,SU ,PULSE,DRIVE AT 1.3 4P,Nao,,,,Não,
28471850,BSB2,495169,AG,CO  ,BSB ,BSB2,E,12/03/2026,20:15,20/03/2026,20:00,TEN9A95,SP ,X1,SDRIVE20I X LINE 2.0,Nao,,,,Não,
28482948,BSB2,492269,OUTROS PF,CO  ,BSB ,BSB2,E,16/03/2026,08:29,20/03/2026,20:15,TYP0J93,AM ,RENAULT KWID 1.0 INT,P,Nao,,,,Não,
28480641,BSB2,493604,AG,CO  ,BSB ,BSB2,E,15/03/2026,08:25,20/03/2026,20:30,TDR3D88,AM ,MOBI,LIKE 1.0 4P,Nao,,,,Não,
28479058,BSB2,481839,OUTROS PF,CO  ,BSB ,BSB2,E,14/03/2026,12:26,20/03/2026,21:00,FZC2D91,SV ,T-CROSS,200 TSI AT 1.0 4P,Nao,,,,Não,
28477155,BSB2,345682,OUTROS PF,CO  ,BSB ,BSB2,E,14/03/2026,07:13,20/03/2026,21:00,GEU5C21,B  ,POLO,TRACK MPI 1.0 4P,Nao,,,,Não,
28383951,BSB2,488759,OUTROS PF,CO  ,BSB ,BSB2,E,18/02/2026,22:39,20/03/2026,21:00,TEL8B25,SU ,NIVUS,COMFORTLINE 200 TSI,Nao,,,,Não,
28443829,BSB2,345682,OUTROS PF,CO  ,BSB ,BSB2,E,05/03/2026,21:15,20/03/2026,21:00,TEL5F16,SU ,NIVUS,HIGHLINE 200 TSI AT,Nao,,,,Não,
28464481,BSB2,345682,OUTROS PF,CO  ,BSB ,BSB2,E,10/03/2026,23:53,20/03/2026,23:45,TEN8C91,B  ,ARGO,DRIVE 1.0 4P,Nao,,,,Não,
28389845,BSB2,345682,OUTROS PF,CO  ,BSB ,BSB2,E,20/02/2026,12:01,21/03/2026,00:00,TXK3C84,EA ,ONIX,LTZ AT TURBO 1.0 4P,Nao,,,,Não,
28436329,BSB2,393694,OUTROS PF,CO  ,BSB ,BSB2,E,04/03/2026,07:17,21/03/2026,07:00,TDX6D94,BS ,ONIX PLUS,LT MT 1.0 4P,Nao,,,,Não,
28384212,BSB2,488759,OUTROS PF,CO  ,BSB ,BSB2,E,19/02/2026,07:43,21/03/2026,08:00,TXB9J33,SV ,CRETA,LIMITED TGDI AT 1.0,Nao,,,,Não,
28455308,BSB2,345682,OUTROS PF,CO  ,BSB ,BSB2,E,09/03/2026,06:24,21/03/2026,08:00,TYN3F61,B  ,CHEVROLET ONIX 1.0 5,P,Nao,,,,Não,
28477010,BSB2,481839,OUTROS PF,CO  ,BSB ,BSB2,E,14/03/2026,01:45,21/03/2026,08:00,TXB9I95,SV ,CRETA,LIMITED TGDI AT 1.0,Nao,,,,Não,
28482997,BSB2,345682,OUTROS PF,CO  ,BSB ,BSB2,E,16/03/2026,08:32,21/03/2026,08:30,TXX7B54,AM ,FIAT MOBI 1.0 LIKE 5,P,Nao,,,,Não,
28384679,BSB2,471948,PJ,CO  ,BSB ,BSB2,E,19/02/2026,09:12,21/03/2026,09:00,GGP6H11,B  ,POLO,TRACK MPI 1.0 4P,Nao,,,,Não,
28384692,BSB2,471948,PJ,CO  ,BSB ,BSB2,E,19/02/2026,09:12,21/03/2026,09:15,TEN5H94,B  ,ARGO,FLEX 1.0 4P,Nao,,,,Não,
28384753,BSB2,488759,OUTROS PF,CO  ,BSB ,BSB2,E,19/02/2026,09:25,21/03/2026,09:30,TEL4J71,SV ,TRACKER,LTZ AT TURBO 1.0 4P,Nao,,,,Não,
28478012,BSB2,345682,OUTROS PF,CO  ,BSB ,BSB2,E,14/03/2026,09:49,21/03/2026,09:45,TZA5A35,SG ,COMPASS,LONGITUDE TURBO FLEX,Nao,,,,Não,
28478531,BSB2,368065,PARCERIA,CO  ,BSB ,BSB2,E,14/03/2026,11:04,21/03/2026,10:00,TYO3I81,B  ,CHEVROLET ONIX 1.0 5,P,Nao,,,,Não,
28480874,BSB2,443954,PJ,CO  ,BSB ,BSB2,E,15/03/2026,10:21,21/03/2026,10:30,TXW4G87,CA ,HYUNDAI HB20 1.0 T-G,P,Nao,,,,Não,
28466764,BSB2,481839,OUTROS PF,CO  ,BSB ,BSB2,E,11/03/2026,14:19,21/03/2026,13:30,TXX4E91,AM ,FIAT MOBI 1.0 TREKKI,P,Nao,,,,Não,
28466306,BSB2,488669,OTA,CO  ,BSB ,BSB2,E,11/03/2026,13:29,21/03/2026,14:00,TXM9E44,SU ,FIAT PULSE 1.3 DRIVE,P,Nao,,,,Não,
28479499,BSB2,345682,OUTROS PF,CO  ,BSB ,BSB2,E,14/03/2026,14:45,21/03/2026,14:40,TXW4G78,CA ,HYUNDAI HB20 1.0 T-G,P,Nao,,,,Não,
28386475,BSB2,481314,PJ,CO  ,BSB ,BSB2,E,19/02/2026,15:24,21/03/2026,15:00,TEU6F60,I  ,SPIN,LTZ AT 7 LUGARES 1.8,Nao,,,,Não,
28472793,BSB2,345813,PARCERIA,CO  ,BSB ,BSB2,E,13/03/2026,08:39,21/03/2026,18:30,UAA3A54,B  ,ARGO,DRIVE 1.0 4P,Nao,,,,Não,
28387426,BSB2,375061,MENSAL MAIS,CO  ,BSB ,BSB2,E,19/02/2026,19:36,21/03/2026,19:18,TES4A49,SU ,NIVUS,HIGHLINE 200 TSI AT,Nao,,,,Não,
28436443,BSB2,345682,OUTROS PF,CO  ,BSB ,BSB2,E,04/03/2026,07:56,21/03/2026,20:00,TEQ0J91,CA ,CRONOS,DRIVE AT 1.3 4P,Nao,,,,Não,
28476717,BSB2,493607,AG,CO  ,BSB ,BSB2,E,13/03/2026,21:02,21/03/2026,21:00,TKO8D96,B  ,POLO,TRACK MPI 1.0 4P,Nao,,,,Não,
28482072,BSB2,488669,OTA,CO  ,BSB ,BSB2,E,15/03/2026,20:10,21/03/2026,21:30,TLW8D93,EA ,POLO,HIGHLINE TSI AT 1.0,Nao,,,,Não,
28464714,BSB2,493604,AG,CO  ,BSB ,BSB2,E,11/03/2026,07:51,21/03/2026,21:30,UDU6B34,SU ,VOLKSWAGEN TERA 1.0,P,Nao,,,,Não,
28478970,BSB2,417967,OTA,CO  ,BSB ,BSB2,E,14/03/2026,12:07,22/03/2026,07:00,TXM0E78,B  ,ARGO,DRIVE 1.0 4P,Nao,,,,Não,
28460583,BSB2,393694,OUTROS PF,CO  ,BSB ,BSB2,E,10/03/2026,07:47,22/03/2026,07:30,UAB2I51,CA ,VIRTUS,TSI AT 1.0 4P,Nao,,,,Não,
28388788,BSB2,461250,PJ,CO  ,BSB ,BSB2,E,20/02/2026,09:23,22/03/2026,08:00,TCP6B43,G2 ,STRADA,CD FREEDOM FLEX 1.3,Nao,,,,Não,
28389072,BSB2,375061,MENSAL MAIS,CO  ,BSB ,BSB2,E,20/02/2026,10:13,22/03/2026,09:51,TXB8J56,AM ,MOBI,LIKE 1.0 4P,Nao,,,,Não,
28478129,BSB2,345682,OUTROS PF,CO  ,BSB ,BSB2,E,14/03/2026,10:09,22/03/2026,09:56,TES4A66,SU ,NIVUS,HIGHLINE 200 TSI AT,Nao,,,,Não,
28389134,BSB2,483628,PJ,CO  ,BSB ,BSB2,E,20/02/2026,10:10,22/03/2026,10:00,TEJ8E98,CA ,HB20S,PLATINUM TGDI AT 1.0,Nao,,,,Não,
28483862,BSB2,389207,OUTROS PF,CO  ,BSB ,BSB2,E,16/03/2026,10:28,22/03/2026,10:00,TXK3B72,BS ,ONIX PLUS,LT MT 1.0 4P,Nao,,,,Não,
28465415,BSB2,345682,OUTROS PF,CO  ,BSB ,BSB2,E,11/03/2026,09:50,22/03/2026,10:00,TXD3E78,SU ,TERA,TSI AT,Nao,,,,Não,
28465969,BSB2,345682,OUTROS PF,CO  ,BSB ,BSB2,E,11/03/2026,11:53,22/03/2026,11:52,TXA8E96,SU ,PULSE,DRIVE AT 1.3 4P,Nao,,,,Não,
28397570,BSB2,490963,PARCERIA,CO  ,BSB ,BSB2,E,22/02/2026,12:02,22/03/2026,12:00,TXD3E17,SU ,TERA,TSI AT,Nao,,,,Não,
28482414,BSB2,345682,OUTROS PF,CO  ,BSB ,BSB2,E,16/03/2026,05:58,22/03/2026,12:00,TYP4I87,B  ,CHEVROLET ONIX 1.0 5,P,Nao,,,,Não,
28390611,BSB2,488462,AG,CO  ,BSB ,BSB2,E,20/02/2026,14:05,22/03/2026,14:00,TJG0D15,B  ,POLO,TRACK MPI 1.0 4P,Nao,,,,Não,
28459424,BSB2,481839,OUTROS PF,CO  ,BSB ,BSB2,E,09/03/2026,17:37,22/03/2026,14:00,SYU8A17,SV ,RENEGADE,LONGITUDE T270 FLEX,Nao,,,,Não,
28480437,BSB2,481839,OUTROS PF,CO  ,BSB ,BSB2,E,15/03/2026,00:06,22/03/2026,15:00,TXD3E84,SU ,TERA,TSI AT,Nao,,,,Não,
28481096,BSB2,481839,OUTROS PF,CO  ,BSB ,BSB2,E,15/03/2026,12:08,22/03/2026,16:00,TYP4J96,CA ,HYUNDAI HB20 1.0 T-G,P,Nao,,,,Não,
28479822,BSB2,345682,OUTROS PF,CO  ,BSB ,BSB2,E,14/03/2026,17:07,22/03/2026,16:51,UBA3H49,B  ,CHEVROLET ONIX 1.0 5,P,Nao,,,,Não,
28481599,BSB2,417338,REPLACEMENT,CO  ,BSB ,BSB2,E,15/03/2026,16:09,22/03/2026,17:00,UDQ5D64,B  ,POLO,TRACK MPI 1.0 4P,Nao,,,,Não,
28483046,BSB2,488669,OTA,CO  ,BSB ,BSB2,E,16/03/2026,08:41,22/03/2026,18:00,TXD3D79,SU ,TERA,TSI AT,Nao,,,,Não,
28481157,BSB2,345682,OUTROS PF,CO  ,BSB ,BSB2,E,15/03/2026,12:43,22/03/2026,20:00,TDJ8A22,SU ,DUSTER,ICONIC AT SCE 1.6 4P,Nao,,,,Não,
28478859,BSB2,393694,OUTROS PF,CO  ,BSB ,GYN3,E,14/03/2026,11:55,22/03/2026,20:00,TXD3E24,SU ,TERA,TSI AT,Nao,,,,Não
